[
    {"Flokknavn": "Gállok", "Serieinndeling": "R2-L", "Buemerke": "G3", "Eier": "01036410313", "Collection": "flokk"},
    {"Flokknavn": "Guovdageaidnu", "Serieinndeling": "R5-S", "Buemerke": "G5", "Eier":" 02047510404", "Collection": "flokk"},
    {"Flokknavn": "Ráhpes", "Serieinndeling": "R3-N", "Buemerke": "R7", "Eier": "17058301505", "Collection": "flokk"},
    {"Flokknavn": "Suolu", "Serieinndeling": "R4-T", "Buemerke": "S9", "Eier": "25036803524", "Collection": "flokk"},
    {"Flokknavn": "Ávžžil", "Serieinndeling": "R1-A", "Buemerke": "A1", "Eier": "11028907557", "Collection": "flokk"},
    {"Flokknavn": "Álbmot", "Serieinndeling": "R6-B", "Buemerke": "A2", "Eier": "15048804747", "Collection": "flokk"},
    {"Flokknavn": "Meara", "Serieinndeling": "R8-M", "Buemerke": "M7", "Eier": "05059602636", "Collection": "flokk"},
    {"Flokknavn": "Nieida", "Serieinndeling": "R9-N", "Buemerke": "N5", "Eier": "29030115858", "Collection": "flokk"},
    {"Flokknavn": "Boazu", "Serieinndeling": "R7-B", "Buemerke": "B1", "Eier": "28037101615", "Collection": "flokk"},
    {"Flokknavn": "Guovdageainnu", "Serieinndeling": "R10-G", "Buemerke": "G1", "Eier": "07026102403", "Collection": "flokk"}
]